lr,scheduler,batch_size,hidden_nodes,dropout,weight_decay,accuracy
0.001,,32,32,0.0,0.1,0.8957617411225659
0.001,,32,32,0.0,0.01,0.8877434135166093
0.001,,32,32,0.0,0.001,0.8854524627720504
